{
    "least": [
        "pancreas",
        5860.900000000004
    ],
    "sums": {
        "whole blood": 8907.00000000002,
        "skeletal muscle": 8405.600000000008,
        "EBV-transformed lymphocyte": 12421.000000000022,
        "skin of lower leg": 9850.000000000004,
        "prostate gland": 10102.300000000003,
        "ovary": 10692.700000000008,
        "minor salivary gland": 9060.800000000007,
        "aorta": 11465.90000000001,
        "adrenal gland": 9525.300000000012,
        "pancreas": 5860.900000000004,
        "coronary artery": 10767.000000000005,
        "cerebral cortex": 8987.900000000009,
        "cerebellum": 9520.200000000008,
        "hypothalamus": 7325.700000000001,
        "skin of suprapubic region": 10036.200000000004,
        "gastroesophageal junction": 9914.30000000001,
        "thyroid": 12191.70000000001,
        "ectocervix": 10555.000000000007,
        "tibial artery": 10770.70000000002,
        "cerebellar hemisphere of brain": 9341.000000000005,
        "anterior cingulate cortex (BA24) of brain": 8675.3,
        "subcutaneous adipose tissue": 9784.500000000005,
        "transverse colon": 9488.7,
        "visceral (omentum) adipose tissue": 9559.199999999997,
        "fallopian tube": 10247.9,
        "vagina": 9916.500000000002,
        "substantia nigra": 6885.300000000002,
        "caudate (basal ganglia) of brain": 7964.600000000005,
        "sigmoid colon": 9804.099999999999,
        "spinal cord (cervical c-1)": 6767.199999999999,
        "mucosa of esophagus": 8893.500000000004,
        "putamen (basal ganglia)": 7426.900000000007,
        "nucleus accumbens (basal ganglia)": 8224.200000000006,
        "leukemia cell line": 12426.900000000014,
        "frontal cortex (BA9)": 8758.700000000003,
        "spleen": 11824.300000000007,
        "liver": 6881.300000000001,
        "cortex of kidney": 7811.600000000005,
        "heart left ventricle": 9030.300000000012,
        "atrial appendage of heart": 9712.300000000008,
        "transformed fibroblast": 9467.700000000006,
        "esophagus muscularis mucosa": 9627.80000000001,
        "terminal ileum of small intestine": 9127.000000000005,
        "amygdala": 7543.799999999998,
        "pituitary gland": 9814.600000000008,
        "uterus": 10831.7,
        "testis": 9900.100000000002,
        "hippocampus": 7547.9,
        "breast (mammary tissue)": 10031.300000000005,
        "lung": 10055.200000000008,
        "tibial nerve": 11044.800000000012,
        "stomach": 7832.099999999999,
        "urinary bladder": 9827.000000000002
    },
    "max": [
        "leukemia cell line",
        12426.900000000014
    ]
}
